id,status,creation_time,consumer_id
1,in_progress,2026-01-26 19:14:13,fce86b1b
2,in_progress,2026-01-26 19:14:13,8cdfe66e
3,done,2026-01-26 19:14:13,3c699194
4,in_progress,2026-01-26 19:14:13,8cdfe66e
5,done,2026-01-26 19:14:13,3c699194
6,in_progress,2026-01-26 19:14:13,8cdfe66e
7,done,2026-01-26 19:14:13,3c699194
8,in_progress,2026-01-26 19:14:14,8cdfe66e
9,done,2026-01-26 19:14:14,3c699194
10,in_progress,2026-01-26 19:14:14,8cdfe66e
11,done,2026-01-26 19:14:14,3c699194
12,in_progress,2026-01-26 19:14:14,8cdfe66e
13,done,2026-01-26 19:14:14,3c699194
14,in_progress,2026-01-26 19:14:14,8cdfe66e
15,done,2026-01-26 19:14:14,3c699194
16,in_progress,2026-01-26 19:14:14,8cdfe66e
17,done,2026-01-26 19:14:14,3c699194
18,in_progress,2026-01-26 19:14:14,8cdfe66e
19,in_progress,2026-01-26 19:14:15,3c699194
20,pending,2026-01-26 19:14:15,
21,pending,2026-01-26 19:14:15,
22,pending,2026-01-26 19:14:15,
23,pending,2026-01-26 19:14:15,
24,pending,2026-01-26 19:14:15,
25,pending,2026-01-26 19:14:15,
26,pending,2026-01-26 19:14:15,
27,pending,2026-01-26 19:14:15,
28,pending,2026-01-26 19:14:15,
29,pending,2026-01-26 19:14:15,
30,pending,2026-01-26 19:14:16,
31,pending,2026-01-26 19:14:16,
32,pending,2026-01-26 19:14:16,
33,pending,2026-01-26 19:14:16,
34,pending,2026-01-26 19:14:16,
35,pending,2026-01-26 19:14:16,
36,pending,2026-01-26 19:14:16,
37,pending,2026-01-26 19:14:16,
38,pending,2026-01-26 19:14:16,
39,pending,2026-01-26 19:14:16,
40,pending,2026-01-26 19:14:17,
41,pending,2026-01-26 19:14:17,
42,pending,2026-01-26 19:14:17,
43,pending,2026-01-26 19:14:17,
44,pending,2026-01-26 19:14:17,
45,pending,2026-01-26 19:14:17,
46,pending,2026-01-26 19:14:17,
47,pending,2026-01-26 19:14:17,
48,pending,2026-01-26 19:14:17,
49,pending,2026-01-26 19:14:18,
50,pending,2026-01-26 19:14:18,
51,pending,2026-01-26 19:14:18,
52,pending,2026-01-26 19:14:18,
53,pending,2026-01-26 19:14:18,
54,pending,2026-01-26 19:14:18,
55,pending,2026-01-26 19:14:18,
56,pending,2026-01-26 19:14:18,
57,pending,2026-01-26 19:14:18,
58,pending,2026-01-26 19:14:18,
59,pending,2026-01-26 19:14:19,
60,pending,2026-01-26 19:14:19,
61,pending,2026-01-26 19:14:19,
62,pending,2026-01-26 19:14:19,
63,pending,2026-01-26 19:14:19,
64,pending,2026-01-26 19:14:19,
65,pending,2026-01-26 19:14:19,
66,pending,2026-01-26 19:14:19,
67,pending,2026-01-26 19:14:19,
68,pending,2026-01-26 19:14:19,
69,pending,2026-01-26 19:14:19,
70,pending,2026-01-26 19:14:20,
71,pending,2026-01-26 19:14:20,
72,pending,2026-01-26 19:14:20,
73,pending,2026-01-26 19:14:20,
74,pending,2026-01-26 19:14:20,
75,pending,2026-01-26 19:14:20,
76,pending,2026-01-26 19:14:20,
77,pending,2026-01-26 19:14:20,
78,pending,2026-01-26 19:14:20,
79,pending,2026-01-26 19:14:20,
80,pending,2026-01-26 19:14:21,
81,pending,2026-01-26 19:14:21,
82,pending,2026-01-26 19:14:21,
83,pending,2026-01-26 19:14:21,
84,pending,2026-01-26 19:14:21,
85,pending,2026-01-26 19:14:21,
86,pending,2026-01-26 19:14:21,
87,pending,2026-01-26 19:14:21,
88,pending,2026-01-26 19:14:21,
89,pending,2026-01-26 19:14:21,
90,pending,2026-01-26 19:14:22,
91,pending,2026-01-26 19:14:22,
92,pending,2026-01-26 19:14:22,
93,pending,2026-01-26 19:14:22,
94,pending,2026-01-26 19:14:22,
95,pending,2026-01-26 19:14:22,
96,pending,2026-01-26 19:14:22,
97,pending,2026-01-26 19:14:22,
98,pending,2026-01-26 19:14:22,
99,pending,2026-01-26 19:14:23,
100,pending,2026-01-26 19:14:23,
